tp,fp,fn,precision,recall,f1,avg_iou,page,gold_count,pred_count,matched_count
0,0,25,0.0,0.0,0.0,0.0,1,25,0,
4,0,7,1.0,0.36363636363636365,0.5333333333333333,0.36047635389168825,2,11,4,4.0
0,0,10,0.0,0.0,0.0,0.0,3,10,0,
0,5,53,0.0,0.0,0.0,0.0,4,53,5,0.0
0,1,13,0.0,0.0,0.0,0.0,5,13,1,0.0
